Title,Book Author,Narrated by,Series,Book Length,Released Date,Language,Ratings
Golden Touch,Sarina Bowen,Tim Paige,Giltmaker,7 hrs and 47 mins,07-09-24,English,5 out of 5 stars
Under Your Scars,Ariel N. Anderson,Lee Daniels,,19 hrs and 2 mins,07-09-24,English,4.5 out of 5 stars
Unprepared Healer,Jonathan Brooks,Miles Meili,Earthen Contenders,14 hrs and 47 mins,07-08-24,English,5 out of 5 stars
Kill Promise,Scott Blade,Alan Philip Ormond,Jack Widow,10 hrs and 55 mins,07-08-24,English,5 out of 5 stars
The Halls of Magic: Volume 1,"Annabelle Hawthorne,M.E. Thorne",Melisandre Verte,Halls of Magic,12 hrs and 2 mins,07-08-24,English,5 out of 5 stars
Thirst Trap,Lani Lynn Vale,Melissa Moran,Carter Brothers,5 hrs and 56 mins,07-08-24,English,5 out of 5 stars
Unleashed,Douglas E. Richards,Adam Verner,Nick Hall,12 hrs and 36 mins,07-08-24,English,Not rated yet
Task Force Hammer,Craig Alanson,R.C. Bray,Expeditionary Force,21 hrs and 40 mins,09-10-24,English,Not rated yet
Bloodlands,Mark Dawson,David Thorpe,John Milton,10 hrs and 22 mins,07-09-24,English,5 out of 5 stars
Drumindor,Michael J. Sullivan,Tim Gerard Reynolds,The Riyria Chronicles,12 hrs and 45 mins,10-21-24,English,Not rated yet
The Empress of Beasts,pirateaba,Andrea Parsneau,The Wandering Inn,30 hrs and 29 mins,09-10-24,English,Not rated yet
The Shadow Rising,Robert Jordan,Rosamund Pike,The Wheel of Time,40 hrs and 31 mins,09-17-24,English,Not rated yet
The Longest Con,Joe Conason,Steve Marvel,,10 hrs and 55 mins,07-09-24,English,Not rated yet
Play Along,Liz Tomforde,Jacob Morgan,Windy City Series,12 hrs and 32 mins,07-10-24,English,Not rated yet
State of Paradise,Laura van den Berg,Megan Tusing,,5 hrs and 33 mins,07-09-24,English,Not rated yet
Mayhem,Aaron Oster,Steve Campbell,Mayhem,18 hrs and 16 mins,07-09-24,English,5 out of 5 stars
LastRock,Phil Tucker,Nick Podehl,Immortal Great Souls,26 hrs and 2 mins,07-09-24,English,5 out of 5 stars
Practical Adept,Terry Mancour,John Lee,Spellmonger,32 hrs and 57 mins,09-24-24,English,Not rated yet
Ragnarok Awaits,Tim Steiner,Jon Brattin,Warriors of Valhalla,12 hrs and 1 min,07-08-24,English,5 out of 5 stars
The Body in the Backyard,Lucy Score,Natalie Duke,Riley Thorn,11 hrs and 56 mins,07-16-24,English,Not rated yet
Mage Academy,Kal Griffith,Christopher Harbour,Imperial Summoner,15 hrs and 21 mins,07-08-24,English,5 out of 5 stars
Security Analysis (Sixth Edition),"Benjamin Graham,David Dodd",Scott R. Pollak,,32 hrs and 22 mins,07-08-24,English,Not rated yet
Ascension,Kerberos,Jeff Hays,A Summoner Awakens,9 hrs and 37 mins,07-09-24,English,4.5 out of 5 stars
Navola,Paolo Bacigalupi,Marc Vietor,,20 hrs and 32 mins,07-09-24,English,5 out of 5 stars
The Unraveling,Vi Keeland,Courtney Patterson,,8 hrs and 45 mins,07-09-24,English,4.5 out of 5 stars
Ghost in the Deep,"J.N. Chaney,Terry Maggert",Jeffrey Kafer,Backyard Starship,9 hrs and 51 mins,09-10-24,English,Not rated yet
Pretty Monster,Sheridan Anne,Sierra Kline,,11 hrs and 35 mins,07-09-24,English,3.5 out of 5 stars
True Gretch,Gretchen Whitmer,Gretchen Whitmer,,3 hrs and 21 mins,07-09-24,English,5 out of 5 stars
Still Mine,Nadia Lee,Robert Hatchet,The Lasker Brothers,11 hrs and 8 mins,07-11-24,English,Not rated yet
Writing on Empty,Natalie Goldberg,Natalie Goldberg,,5 hrs and 18 mins,07-09-24,English,5 out of 5 stars
A Death in Cornwall,Daniel Silva,Edoardo Ballerini,Gabriel Allon,9 hrs and 24 mins,07-09-24,English,4.5 out of 5 stars
Heavy Is the Crown,"J.N. Chaney,Terry Maggert",Jeffrey Kafer,Backyard Starship,10 hrs and 5 mins,07-09-24,English,4.5 out of 5 stars
"Heretical Fishing 2: A Cozy Guide to Annoying the Cults, Outsmarting the Fish, and Alienating Oneself",Haylock Jobson,Heath Miller,Heretical Fishing,23 hrs and 36 mins,07-09-24,English,5 out of 5 stars
The Sick Man's Rage,"Amir Tsarfati,Steve Yohn",Stephen Bowlby,A Nir Tavor Mossad Thriller,10 hrs and 13 mins,11-05-24,English,Not rated yet
"2 Lies, 2 Thrones",Eric Ugland,Neil Hellegers,The Bad Guys,9 hrs and 13 mins,07-16-24,English,Not rated yet
Sanctuary,Ilona Andrews,Chris Brinkley,Roman’s Chronicles,4 hrs and 27 mins,07-30-24,English,Not rated yet
Gathering Mist,Margaret Mizushima,Nancy Wu,A Timber Creek K-9 Mystery,8 hrs and 20 mins,10-08-24,English,Not rated yet
Herald,Rob J. Hayes,Eva Kaminsky,The God Eater Saga,26 hrs and 35 mins,07-09-24,English,Not rated yet
Scythe & Sparrow,Brynne Weaver,,The Ruinous Love Trilogy,Not Yet Known,02-11-25,English,Not rated yet
Dungeon Heroes 6,"Shane Hammond,Marcus Sloss",Richard Brock,Path of Progression,10 hrs and 1 min,07-08-24,English,5 out of 5 stars
The Anti-Inflamatory Book for Women over 40,Marusya Wellness Publishing,Rachael Doolen,,4 hrs and 8 mins,07-08-24,English,5 out of 5 stars
"College Girl, Missing",Shawn Cohen,Kyle Snyder,,5 hrs and 30 mins,07-30-24,English,Not rated yet
Stone Cold Bad,"Tess Oliver,Anna Hart",C.J. Bloom,Stone Brothers,4 hrs and 36 mins,07-09-24,English,4 out of 5 stars
Put That on Everything,K.C. Mills,Winston James,,10 hrs and 46 mins,07-09-24,English,5 out of 5 stars
Gild,Raven Kennedy,Anthony Palmini,The Plated Prisoner Series,9 hrs and 16 mins,07-09-24,English,4.5 out of 5 stars
The Primal Hunter 9: A LitRPG Adventure,Zogarth,Travis Baldree,The Primal Hunter,20 hrs and 23 mins,07-02-24,English,5 out of 5 stars
The Last Ship,Nicholas Sansbury Smith,Mark Boyett,Galaxy in Flames,12 hrs and 41 mins,07-09-24,English,4.5 out of 5 stars
Protocols,Andrew D. Huberman Ph.D.,Andrew D. Huberman Ph.D.,,10 hrs,04-22-25,English,Not rated yet
Dead Med,Freida McFadden,Patricia Santomasso,Prescription: Murder,10 hrs and 33 mins,08-20-24,English,Not rated yet
We Are Experiencing a Slight Delay,Gary Janetti,Gary Janetti,,4 hrs and 33 mins,07-09-24,English,5 out of 5 stars
For the Love of Kane,Ames Mills,Jameson Adams,,10 hrs and 54 mins,07-09-24,English,5 out of 5 stars
Hitchhiking with Prophets,Chad Bird,Chad Bird,,5 hrs and 5 mins,07-09-24,English,5 out of 5 stars
The Burning Rooms,Anni Taylor,Caroline Lee,Tallman's Valley Detectives,11 hrs and 54 mins,07-09-24,English,5 out of 5 stars
He Who Fights with Monsters 11: A LitRPG Adventure,"Shirtaloon,Travis Deverell",Heath Miller,He Who Fights with Monsters,28 hrs and 36 mins,07-23-24,English,Not rated yet
Never Enough,Andrew Wilkinson,Luke Daniels,,8 hrs and 45 mins,07-09-24,English,4 out of 5 stars
The Child Monster,V.A. Lewis,Tess Irondale,Salvos,10 hrs and 32 mins,07-09-24,English,5 out of 5 stars
Sunrise on the Reaping,Suzanne Collins,,Hunger Games,Not Yet Known,03-18-25,English,Not rated yet
The Family Experiment,John Marrs,Clare Corbett,,10 hrs and 59 mins,07-09-24,English,4.5 out of 5 stars
The Briar Club,Kate Quinn,Saskia Maarleveld,,15 hrs and 3 mins,07-09-24,English,5 out of 5 stars
Frigid Magic,Bruce Sentar,Jessica Threet,Ard's Oath,15 hrs and 24 mins,07-09-24,English,5 out of 5 stars
One Generation Away,Brilyn Hollyhand,Brilyn Hollyhand,,4 hrs and 51 mins,07-09-24,English,Not rated yet
The Summer Pact,Emily Giffin,JD Jackson,,10 hrs and 14 mins,07-09-24,English,4 out of 5 stars
I Haven’t Been Entirely Honest with You,Miranda Hart,,,Not Yet Known,10-10-24,English,Not rated yet
Will Leave the Galaxy for Good,Yahtzee Croshaw,Yahtzee Croshaw,Jacques McKeown,9 hrs and 50 mins,04-04-24,English,5 out of 5 stars
The Reluctant Superhero Book 3,D. Levesque,Alex Matthews,Reluctant Superhero,8 hrs and 27 mins,07-08-24,English,5 out of 5 stars
A Refiner's Fire,Donna Leon,David Colacci,A Commissario Brunetti Mystery,9 hrs and 28 mins,07-09-24,English,Not rated yet
The Lost Victim,Robert Bryndza,Jan Cramer,Kate Marshall,8 hrs and 18 mins,07-11-24,English,Not rated yet
Onyx Storm,Rebecca Yarros,,The Empyrean,14 hrs and 15 mins,01-21-25,English,Not rated yet
Wind and Truth,Brandon Sanderson,Kate Reading,The Stormlight Archive,55 hrs,12-06-24,English,Not rated yet
Dungeon Life 2: An Isekai LitRPG,Khenal,Michael Gallagher,Dungeon Life,14 hrs,07-09-24,English,5 out of 5 stars
Justice,Lark Taylor,Will M. Watt,Damned Connections,12 hrs and 18 mins,07-09-24,English,5 out of 5 stars
Toll of Honor,David Weber,Allyson Johnson,Honor Harrington,17 hrs and 45 mins,11-26-24,English,Not rated yet
Mob Sorcery 2,K.D. Robertson,Stephanie Savannah,Mob Sorcery,15 hrs and 52 mins,07-09-24,English,5 out of 5 stars
"Heretical Fishing 3: A Cozy Guide to Annoying the Cults, Outsmarting the Fish, and Alienating Oneself",Haylock Jobson,Heath Miller,Heretical Fishing,17 hrs and 46 mins,11-12-24,English,Not rated yet
"Bitten by the Fae: Midnight Fae, Books 1- 4",Lexi C. Foss,Sarah Puckett,Midnight Fae Academy,34 hrs and 24 mins,07-08-24,English,Not rated yet
Left Behind,Sharon Sala,Traci Odom,"Jubilee, Kentucky",10 hrs and 16 mins,07-09-24,English,4.5 out of 5 stars
Black Pill,Elle Reeve,Elle Reeve,,8 hrs and 28 mins,07-09-24,English,4.5 out of 5 stars
Hostile Takeover,Franklin Horton,Kevin Pierce,The Mad Mick Series,8 hrs and 41 mins,06-24-24,English,5 out of 5 stars
Wildest Dreams,Kristen Proby,Jason Clarke,The Wilds of Montana,9 hrs and 13 mins,07-18-24,English,Not rated yet
The Burning,Linda Castillo,Kathleen McInerney,Kate Burkholder Series,9 hrs and 31 mins,07-09-24,English,5 out of 5 stars
Bury Your Gays,Chuck Tingle,André Santana,,10 hrs and 11 mins,07-09-24,English,Not rated yet
Imminent,Luis Elizondo,Luis Elizondo,,12 hrs,08-20-24,English,Not rated yet
Challenger,Seth Ring,Eric Jason Martin,Tower,14 hrs,11-12-24,English,Not rated yet
The Black Bird of Chernobyl,Ann McMan,Christine Williams,,8 hrs and 22 mins,07-09-24,English,5 out of 5 stars
Big Dating Energy,"Jeff Guenther,Kate Happ",Jeff Guenther,,7 hrs and 20 mins,07-09-24,English,5 out of 5 stars
Rogue Ascension 4: A Progression LitRPG,Hunter Mythos,André Santana,Rogue Ascension,13 hrs and 41 mins,07-09-24,English,5 out of 5 stars
Assassins' Academy,Scott Baron,Eric Bryan Moore,The Book of Bawb,12 hrs and 52 mins,07-10-24,English,Not rated yet
So This Is War,Meghan Quinn,Emma Wilder,The Vancouver Agitators,13 hrs and 45 mins,06-25-24,English,5 out of 5 stars
The Spellshop,Sarah Beth Durst,Caitlin Davies,,12 hrs and 11 mins,07-09-24,English,5 out of 5 stars
Nemesis,Gregg Hurwitz,Scott Brick,An Orphan X Novel,15 hrs,02-11-25,English,Not rated yet
The Coin,Yasmin Zaher,Sarah Agha,,6 hrs and 3 mins,07-09-24,English,Not rated yet
Beware of Chicken 4: A Xianxia Cultivation Novel,Casualfarmer,Travis Baldree,Beware of Chicken,30 hrs and 8 mins,12-17-24,English,Not rated yet
The Story Collector,Evie Woods,Heather O’Sullivan,,9 hrs and 26 mins,07-18-24,English,Not rated yet
Strong and Wild,Sloane St. James,Alex Kydd,Lakes Hockey Series,9 hrs and 56 mins,07-09-24,English,4.5 out of 5 stars
Unit X,"Raj M. Shah,Christopher Kirchhoff",Sean Patrick Hopkins,,9 hrs and 37 mins,07-09-24,English,5 out of 5 stars
Magic Rises (Dramatized Adaptation),Ilona Andrews,full cast,Kate Daniels,11 hrs,08-30-24,English,Not rated yet
The Shadow of Dread,T.C. Edge,Steven Brand,The Bladeborn Saga,40 hrs and 46 mins,10-29-24,English,Not rated yet
Gilded Blood,Rachel Rener,Tara Novie,Gilded Blood,40 hrs and 5 mins,07-09-24,English,Not rated yet
Democracy in Retrograde,"Sami Sage,Emily Amick",Nikki Massoud,,4 hrs and 55 mins,07-09-24,English,Not rated yet
Viper,Suzanne Wright,Cat Doucette,The Dark in You,10 hrs,07-18-24,English,Not rated yet
The Queering of the American Child,"Logan Lancing,James Lindsay",James Lindsay,,6 hrs and 48 mins,07-09-24,English,Not rated yet
The Game Changer,Lana Ferguson,Zachary Webber,,10 hrs and 56 mins,07-09-24,English,5 out of 5 stars
The Hedge Wizard 4,Alex Maher,Tim Gerard Reynolds,The Hedge Wizard,25 hrs and 16 mins,08-13-24,English,Not rated yet
The Masterpiece Price,Donesa Walker,Sandy Carpenter,Reflections of God's Love,3 hrs and 43 mins,07-08-24,English,5 out of 5 stars
Sunsets at the Beach House,Maggie Miller,Erica Sullivan,Diamond Beach,7 hrs and 55 mins,07-09-24,English,Not rated yet
Troyland,Jan Stryvant,Christopher Boucher,Valens Heritage,7 hrs and 56 mins,08-06-24,English,Not rated yet
Sylver Seeker 4,Kennit Kenway,Garrett Michael Brown,Sylver Seeker,20 hrs and 50 mins,07-10-24,English,Not rated yet
From Blood and Ash (Part 1 of 2) (Dramatized Adaptation),Jennifer L. Armentrout,full cast,Blood and Ash,7 hrs,07-24-24,English,Not rated yet
Judicator Jane 3,Brian Rouleau,Angela Clark,Judicator Jane,14 hrs and 53 mins,07-08-24,English,Not rated yet
Fighting Mr. Knight,Rosa Lucas,Kitty Kelly,The London Mister,10 hrs and 19 mins,07-08-24,English,Not rated yet
Devourer of Men,Nikki St. Crowe,Shane East,,5 hrs and 19 mins,07-05-24,English,5 out of 5 stars
India,John Keay,Mike Fraser,,32 hrs and 57 mins,07-09-24,English,Not rated yet
Demon Mage: Book 1,D. Levesque,Kat Riley,Demon Mage,10 hrs and 6 mins,07-08-24,English,4.5 out of 5 stars
Royal Blooded 3,F.G. Smith,Andrew Pond,Royal Blooded,13 hrs and 46 mins,07-08-24,English,5 out of 5 stars
Lady of Doom and Devotion,Eva Chase,Michelle Sparks,Rites of Possession,13 hrs and 39 mins,07-08-24,English,Not rated yet
The Treasured One,Hannah Levin,Mollie Stark,,12 hrs and 1 min,07-09-24,English,5 out of 5 stars
Mystics and Mayhem: The Standalone Novels,Heather Renee,Michelle Sparks,Mystics and Mayhem,13 hrs and 45 mins,07-09-24,English,Not rated yet
Isekai Emperor 2,"Michael Dalton,Adam Lance",Mandy McCullough,Isekai Emperor,12 hrs and 51 mins,07-08-24,English,5 out of 5 stars
The Sawmill Book Club,Carolyn Brown,Brittany Pressley,,7 hrs and 42 mins,07-09-24,English,5 out of 5 stars
Death in a Scottish Castle,Lydia Travers,Helen McAlpine,The Scottish Ladies Detective Agency,10 hrs and 10 mins,07-11-24,English,Not rated yet
The Songbird and the Heart of Stone,Carissa Broadbent,Amanda Leigh Cobb,Crowns of Nyaxia,15 hrs and 33 mins,11-19-24,English,Not rated yet
The Sinner,Dannika Dark,Nicole Poole,Black Arrowhead,11 hrs and 4 mins,09-03-24,English,Not rated yet
The Black Bird Oracle,Deborah Harkness,Jennifer Ikeda,All Souls Series,17 hrs and 3 mins,07-16-24,English,Not rated yet
Bonded in Death,J. D. Robb,Susan Ericksen,In Death,10 hrs and 30 mins,02-04-25,English,Not rated yet
On a Sea of Glass,"Tad Fitch,J. Kent Layton,Bill Wormstedt,George Behe - introduction",Tom Perkins,,32 hrs and 22 mins,07-09-24,English,Not rated yet
The Love Conspiracy,J.J. Arias,Kingsley Rose,,11 hrs and 58 mins,07-09-24,English,5 out of 5 stars
Autopsy of a Fairytale,Nicole Scarano,Cassandra Campbell,Autopsy of a Fairytale,7 hrs and 12 mins,07-09-24,English,5 out of 5 stars
The Color of Everything,Cory Richards,Cory Richards,,11 hrs and 19 mins,07-09-24,English,Not rated yet
Bitter House,Kiersten Modglin,Lauren Ezzo,,5 hrs and 51 mins,07-09-24,English,4.5 out of 5 stars
JFK Jr.,"RoseMarie Terenzio,Liz McNeil",Michael David Axtell,,14 hrs and 54 mins,07-16-24,English,Not rated yet
We Refuse,Kellie Carter Jackson,Kellie Carter Jackson,,9 hrs and 11 mins,07-09-24,English,Not rated yet
The Secret Language of the Body,"Jennifer Mann,Karden Rabin",Jennifer Mann,,8 hrs and 39 mins,07-09-24,English,Not rated yet
Other Rivers,Peter Hessler,Peter Hessler,,13 hrs and 31 mins,07-09-24,English,Not rated yet
Legendary,"Dick LeBeau,Scott Brown,George Von Benko",Dick Lebeau,,7 hrs and 39 mins,07-09-24,English,Not rated yet
The Stories Whiteness Tells Itself,David Mura,David Lee Huynh,,10 hrs and 25 mins,07-09-24,English,Not rated yet
Pattern Breakers,"Mike Maples Jr,Peter Ziebelman",Mike Maples Jr,,7 hrs and 20 mins,07-09-24,English,Not rated yet
Yesterday's Trail,Brad Dennison,J. Rodney Turner,The McCabes,12 hrs and 18 mins,07-09-24,English,5 out of 5 stars
House of Sky and Breath (Part 1 of 2) (Dramatized Adaptation),Sarah J. Maas,David Cui Cui,Crescent City,12 hrs and 15 mins,07-25-24,English,Not rated yet
Crypto Confidential,Nathaniel Eliason,Nathaniel Eliason,,8 hrs and 1 min,07-09-24,English,5 out of 5 stars
Master of the Manor 1,Dante King,Patrick Dubois,Master of the Manor,10 hrs,07-08-24,English,5 out of 5 stars
Mr. Wilson's Neighborhood,Jerry Boyd,Chris Ciulla,Bob and Nikki,8 hrs and 55 mins,08-06-24,English,Not rated yet
"Shocks, Crises, and False Alarms","Philipp Carlsson-Szlezak,Paul Swartz",Jon Vertullo,,9 hrs and 8 mins,07-09-24,English,Not rated yet
The Book of Elsewhere,"Keanu Reeves,China Miéville",Allan Corduner,,13 hrs,07-23-24,English,Not rated yet
The Mirror,Nora Roberts,Brittany Pressley,The Lost Bride Trilogy,14 hrs and 24 mins,11-19-24,English,Not rated yet
The Bright Sword,Lev Grossman,Nicholas Guy Smith,,23 hrs and 10 mins,07-16-24,English,Not rated yet
The Heart in Winter,Kevin Barry,Kevin Barry,,5 hrs and 54 mins,07-09-24,English,Not rated yet
Red Winter: The Complete Trilogy,Annette Marie,Emily Woo Zeller,Red Winter,36 hrs and 40 mins,07-09-24,English,Not rated yet
Shameless,Brian Tyler Cohen,Brian Tyler Cohen,,5 hrs,08-13-24,English,Not rated yet
Dragon Born,Donna Grant,Antony Ferguson,Dragon Kings,9 hrs and 5 mins,07-09-24,English,Not rated yet
Madoff,Richard Behar,Michael David Axtell,,13 hrs and 58 mins,07-09-24,English,5 out of 5 stars
Lazy Love,Keion Henderson,Keion Henderson,,7 hrs and 53 mins,08-06-24,English,Not rated yet
Collapse,Sean Oswald,Travis Baldree,Welcome to the Multiverse,12 hrs and 51 mins,07-30-24,English,Not rated yet
Faker,Gordon Korman,Christopher Gebauer,,5 hrs and 53 mins,07-09-24,English,5 out of 5 stars
Bright Lights and Summer Nights,Kat Singleton,Savannah Peachwood,Black Tie Billionaires,13 hrs and 20 mins,08-20-24,English,Not rated yet
Iron Flame (Part 2 of 2) (Dramatized Adaptation),Rebecca Yarros,Laura C. Harris,The Empyrean,9 hrs and 27 mins,07-12-24,English,Not rated yet
The End of the World According to Jesus of Nazareth,Jeff Kinley,Brian Telestai,,9 hrs,07-09-24,English,Not rated yet
Red Dead's History,Tore C. Olsson,Roger Clark,,10 hrs and 28 mins,08-06-24,English,Not rated yet
Alpha,Aleron Kong,Pavi Proczko,,14 hrs and 1 min,06-25-24,English,4.5 out of 5 stars
The Butcher Game,Alaina Urquhart,,Dr. Wren Muller,Not Yet Known,09-17-24,English,Not rated yet
Lost Boy,Hannah Gray,Heather Firth,The Puck Boys of Brooks University,10 hrs and 17 mins,07-09-24,English,5 out of 5 stars
Rift in the Soul,Faith Hunter,Khristine Hvam,Soulwood,15 hrs and 21 mins,06-25-24,English,5 out of 5 stars
Take Me Home,Melanie Sweeney,Brittany Pressley,,10 hrs and 27 mins,07-09-24,English,4 out of 5 stars
Fall with Me,Becka Mack,Alex Kydd,Playing for Keeps,16 hrs and 21 mins,07-30-24,English,Not rated yet
The Art of Generative AI for Beginners,Nicholas Dempsey,Braydon Hudson,,5 hrs and 7 mins,07-08-24,English,5 out of 5 stars
To the Gorge,Emily Halnon,Emily Halnon,,5 hrs and 47 mins,07-09-24,English,5 out of 5 stars
Summer Romance,Annabel Monaghan,Kristen DiMercurio,,8 hrs and 27 mins,06-04-24,English,4.5 out of 5 stars
Original Love,Henry Shukman,Henry Shukman,,11 hrs and 42 mins,07-09-24,English,Not rated yet
Better than Carrots or Sticks,"Dominique Smith,Douglas Fisher,Nancy Frey",Abby Craden,,4 hrs and 34 mins,07-08-24,English,Not rated yet
Targeted: Beirut,"Jack Carr,James M. Scott",Ray Porter,,13 hrs,09-24-24,English,Not rated yet
Frames of Mind,Howard E. Gardner,,,15 hrs and 30 mins,12-03-24,English,Not rated yet
Hell Divers XII: Heroes,Nicholas Sansbury Smith,R. C. Bray,Hell Divers,13 hrs and 30 mins,08-06-24,English,Not rated yet
The Grey Wolf,Louise Penny,Jean Brassard,Chief Inspector Gamache/Three Pines,12 hrs and 51 mins,10-29-24,English,Not rated yet
Wet Screams,Hank Edwards,Zachary Zaba,Critter Catchers: Level Up,6 hrs and 52 mins,07-08-24,English,5 out of 5 stars
To Die For,David Baldacci,,The 6:20 Man,12 hrs,11-12-24,English,Not rated yet
The Accidental Siren,"Lexi Blake,Sophie Oak",Kitty Bang,Texas Sirens: Legacy,13 hrs and 50 mins,07-05-24,English,4.5 out of 5 stars
Confessions of the Dead,"James Patterson,J. D. Barker",Will Collyer,,11 hrs and 58 mins,07-09-24,English,Not rated yet
We Who Wrestle with God,Jordan B. Peterson,Jordan B. Peterson,,13 hrs,11-19-24,English,Not rated yet
Horror Movie,Paul Tremblay,Ari Fliakos,,7 hrs and 23 mins,06-11-24,English,4 out of 5 stars
The Way We Touch,Tia Louise,Connor Crais,Bradford Boys,8 hrs and 56 mins,07-05-24,English,5 out of 5 stars
Dirty Pleasures,Kenya Wright,Lacy Laurel,The Lion and the Mouse Series,13 hrs and 58 mins,07-09-24,English,5 out of 5 stars
We Solve Murders,Richard Osman,,,14 hrs,09-17-24,English,Not rated yet
Murder at Ashton Steeple,Karen Baugh Menuhin,Sam Dewhurst-Phillips,Heathcliff Lennox,8 hrs and 40 mins,06-25-24,English,4.5 out of 5 stars
Telling Ain't Training (2nd Edition),Harold D. Stolovitch,Cory Herndon,,8 hrs and 39 mins,07-09-24,English,Not rated yet
Opening Up by Writing It Down (Third Edition),"James W. Pennebaker,Joshua M. Smyth",Douglas James,,7 hrs and 20 mins,07-08-24,English,Not rated yet
I Want Him to Want Me,Sheri Mueller,Renee Ertl,,5 hrs and 7 mins,07-09-24,English,Not rated yet
The Darkness Within Us,Tricia Levenseller,Caitlin Davies,Shadows Between Us,9 hrs and 35 mins,07-09-24,English,5 out of 5 stars
Rules to Win By,"Jane F. McAlevey,Abby Lawlor",Jane F. McAlevey,,10 hrs and 49 mins,07-09-24,English,Not rated yet
When She’s Fearless,Ruby Dixon,Jillian Macie,Risdaverse,2 hrs,07-09-24,English,4.5 out of 5 stars
Angel of Vengeance,"Douglas Preston,Lincoln Child",Jefferson Mays,Agent Pendergast Series,14 hrs,08-13-24,English,Not rated yet
"Avatar, the Last Airbender: The Reckoning of Roku",Randy Ribay,Nancy Wu,Chronicles of the Avatar,11 hrs and 27 mins,07-23-24,English,Not rated yet
In Too Deep,"Lee Child,Andrew Child",,Jack Reacher,10 hrs,10-22-24,English,Not rated yet
The Eyes Are the Best Part,Monika Kim,Jaine Ye,,9 hrs and 16 mins,07-09-24,English,4 out of 5 stars
Tress of the Emerald Sea,Brandon Sanderson,Michael Kramer,Secret Projects,12 hrs and 27 mins,04-23-24,English,5 out of 5 stars
White Wolf,John Conroe,Lily Ganser,The Demon Accords,17 hrs and 38 mins,06-25-24,English,4.5 out of 5 stars
Capture or Kill,"Vince Flynn,Don Bentley",,A Mitch Rapp Novel,12 hrs,09-03-24,English,Not rated yet
The Legend of Randidly Ghosthound 7,"Noret Flood,puddles4263",MacLeod Andrews,The Legend of Randidly Ghosthound,27 hrs and 53 mins,09-24-24,English,Not rated yet
La caja [The Box],"Alberto De La Fuente y De La Concha,Silvia Cherem Sacal,Saskia Niño de Rivera,Ángeles Mastretta,Alberto de la Concha y de la Fuente,Medialuna,Viubux",Carlos Riva Palacio,,18 hrs and 3 mins,07-03-24,Spanish,Not rated yet
Tom Clancy Shadow State,M.P. Woodward,Scott Brick,A Jack Ryan Jr. Novel,15 hrs,08-20-24,English,Not rated yet
True to You,Kathleen Smith,Christine Lakin,,6 hrs and 58 mins,07-09-24,English,Not rated yet
Carrie Carolyn Coco,Sarah Gerard,Sarah Gerard,,10 hrs and 39 mins,07-09-24,English,Not rated yet
It Begins with You,Jillian Turecki,,,12 hrs,01-14-25,English,Not rated yet
Tower of Blight,James T. Callum,Eric Michael Summerer,Beastborne,15 hrs and 55 mins,10-08-24,English,Not rated yet
Born of Blood and Ash,Jennifer L. Armentrout,,Flesh and Fire,24 hrs,08-13-24,English,Not rated yet
Long Island Compromise,Taffy Brodesser-Akner,Edoardo Ballerini,,15 hrs and 23 mins,07-09-24,English,2 out of 5 stars
The Front Runner,Elsie Silver,Zachary Webber,Gold Rush Ranch,9 hrs and 26 mins,06-28-24,English,5 out of 5 stars
Unintended Cultivator: Volume 3,Eric Dontigney,Adam Verner,Unintended Cultivator,13 hrs and 47 mins,07-02-24,English,5 out of 5 stars
Accidental Champion,Todd Herzman,John Pirhalla,Accidental Champion,20 hrs and 46 mins,06-25-24,English,4.5 out of 5 stars
The History of Sound,Ben Shattuck,Ben Shattuck,,9 hrs and 29 mins,07-09-24,English,Not rated yet
The Moonstone Brooch,Katherine Lowry Logan,Marnye Young,The Celtic Brooch,26 hrs and 47 mins,07-01-24,English,5 out of 5 stars
Secrets Aboard!,Brina Brady,James Talbot,,6 hrs and 16 mins,07-08-24,English,Not rated yet
Junkyard Roadhouse,Faith Hunter,Khristine Hvam,Shining Smith,4 hrs and 36 mins,07-02-24,English,4.5 out of 5 stars
The Adversary,"Torsten Weitze,Tim Casey - translator",Gildart Jackson,The 13th Paladin,22 hrs and 44 mins,06-18-24,English,5 out of 5 stars
The Good Doctor,A.J. Rivers,Claire Duncan,Ava James FBI Mystery,8 hrs,07-08-24,English,Not rated yet
Emperor's End,Kyle Kirrin,Travis Baldree,The Ripple System,16 hrs and 18 mins,06-04-24,English,5 out of 5 stars
You Like It Darker,Stephen King,Will Patton,,20 hrs and 21 mins,05-21-24,English,4.5 out of 5 stars
Red Tithe,Robbie MacNiven,Shogo Miyakita,,9 hrs and 48 mins,06-15-24,English,4.5 out of 5 stars
Now or Never,Janet Evanovich,,Stephanie Plum,8 hrs,11-19-24,English,Not rated yet
Secrets and Strife: An Isekai LitRPG,SourpatchHero,Nick Podehl,I'm Not the Hero,16 hrs and 53 mins,08-13-24,English,Not rated yet
Don't Cry Over Spilled MILF,"Willow Aster,Laura Pavlov",Vincent Skye,The G.D. Taylors Series,7 hrs and 57 mins,07-09-24,English,5 out of 5 stars
Ember,"Brian Andrews,Jeffrey Wilson",Ray Porter,Tier One,13 hrs and 57 mins,07-02-24,English,5 out of 5 stars
Somewhere Beyond the Sea,TJ Klune,Daniel Henning,Cerulean Chronicles,15 hrs and 48 mins,09-10-24,English,Not rated yet
Avatar,Seth Ring,Eric Jason Martin,Tower,13 hrs and 41 mins,07-10-24,English,5 out of 5 stars
This Is Why We Lied,Karin Slaughter,Kathleen Early,Will Trent,18 hrs and 6 mins,08-20-24,English,Not rated yet
When the Night Comes Falling,Howard Blum,Zac Aleman,,5 hrs and 43 mins,06-25-24,English,4.5 out of 5 stars
Service Model,Adrian Tchaikovsky,Adrian Tchaikovsky,,12 hrs and 21 mins,06-04-24,English,4.5 out of 5 stars
Siege of Vraks,Steve Lyons,Timothy Watson,"Warhammer 40,000",9 hrs and 48 mins,06-22-24,English,4.5 out of 5 stars
The Knight,Will Wight,Travis Baldree,The Last Horizon,9 hrs and 48 mins,06-11-24,English,5 out of 5 stars
It Should Have Been Us,Anna B. Doe,Callie Dalton,Bluebonnet Creek,13 hrs and 53 mins,07-09-24,English,Not rated yet
Passions in Death: An Eve Dallas Novel,J. D. Robb,Susan Ericksen,In Death,13 hrs and 54 mins,09-03-24,English,Not rated yet
A Clash of Kings,George R.R. Martin,Roy Dotrice,A Song of Ice and Fire,37 hrs and 12 mins,12-28-03,English,5 out of 5 stars
A Storm of Swords,George R.R. Martin,Roy Dotrice,A Song of Ice and Fire,47 hrs and 34 mins,03-11-04,English,5 out of 5 stars
Flashback,"Michelle Sass Aleckson,Susan May Warren,Lisa Phillips",Garrett Kiesel,Chasing Fire: Montana,5 hrs and 27 mins,07-09-24,English,Not rated yet
Quoz,Mel Mattison,Kyle Snyder,,9 hrs and 38 mins,07-09-24,English,5 out of 5 stars
House of Sky and Breath,Sarah J. Maas,Elizabeth Evans,Crescent City,27 hrs and 42 mins,02-15-22,English,5 out of 5 stars
On Call,Anthony Fauci M.D.,Anthony Fauci M.D.,,19 hrs and 12 mins,06-18-24,English,5 out of 5 stars
Indaria,SunriseCV,Adam Verner,System Universe Series,13 hrs and 57 mins,06-19-24,English,4.5 out of 5 stars
The Sky on Fire,Jenn Lyons,Lauren Fortgang,,17 hrs and 51 mins,07-09-24,English,Not rated yet
The Hollywood Assistant,May Cobb,Brittany Wilkerson,,12 hrs and 7 mins,07-09-24,English,Not rated yet
True Believer,Jack Carr,Ray Porter,Terminal List Book Series,15 hrs and 44 mins,07-30-19,English,5 out of 5 stars
Umbral Savage,JD Glasscock,Jack Ethan Dye,Nocturne,16 hrs and 1 min,07-03-24,English,5 out of 5 stars
Shadow of Doubt,Brad Thor,Armand Schultz,The Scot Harvath Series,11 hrs and 30 mins,08-06-24,English,Not rated yet
Her Grace,Shana Granderson A Lady,Karen Cass,,11 hrs and 58 mins,07-09-24,English,4 out of 5 stars
Pieces of Us,A.L. Jackson,Andi Arndt,Confessions of the Heart Series,10 hrs and 23 mins,07-08-24,English,4.5 out of 5 stars
Dire Straits and Entwined Fates,Alice Winters,Michael Ferraiuolo,Fanged Mistakes,10 hrs and 29 mins,06-17-24,English,5 out of 5 stars
Until Next Summer,Ali Brady,Brittany Pressley,,11 hrs and 43 mins,07-09-24,English,Not rated yet
Under the Midnight Sky: Love's Journey on an Alaskan Cruise,Janice Jarrell,Walker Williams,,4 hrs and 46 mins,07-08-24,English,5 out of 5 stars
Wired for Love (Second Edition),"Stan Tatkin PsyD MFT,Harville Hendrix PhD - foreword",Stan Tatkin,,9 hrs and 41 mins,07-09-24,English,Not rated yet
Oathbringer,Brandon Sanderson,Kate Reading,The Stormlight Archive,55 hrs and 5 mins,11-14-17,English,5 out of 5 stars
Arcane Arctic,Peter North,Evan Glasser,Arcane Arctic,10 hrs and 13 mins,07-09-24,English,5 out of 5 stars
Silenced in the Falls,Elle Gray,Emily Norman,A Sweetwater Falls Mystery,7 hrs and 4 mins,07-03-24,English,5 out of 5 stars
Deadworld Isekai: A Sci-Fi LitRPG Adventure,R. C. Joshua,Daniel Thomas May,Deadworld Isekai,11 hrs and 36 mins,07-09-24,English,4 out of 5 stars
Hold Me Until Morning,A.L. Jackson,Stephen Dexter,Time River,12 hrs and 34 mins,07-01-24,English,4.5 out of 5 stars
Too Tired to Fight,"Erin Mitchell MACP,Stephen Mitchell PhD",Erin Mitchell MACP,,7 hrs and 36 mins,07-09-24,English,5 out of 5 stars
City of the Damned,David Guymer,Jonathan Keeble,Gotrek and Felix: Warhammer Chronicles,12 hrs and 56 mins,06-15-24,English,4.5 out of 5 stars
The Mercy of Gods,James S.A. Corey,Jefferson Mays,Captive's War,14 hrs and 54 mins,08-06-24,English,Not rated yet
The Waiting,Michael Connelly,,A Renée Ballard and Harry Bosch Novel,12 hrs,10-15-24,English,Not rated yet
Liberty Falls,Lee Jacquot,Jaclyn Kelso,Holinights,2 hrs and 36 mins,07-05-24,English,5 out of 5 stars
Red Sky Mourning,Jack Carr,Ray Porter,Terminal List Book Series,15 hrs and 28 mins,06-18-24,English,5 out of 5 stars
Ladykiller,Katherine Wood,Marcella Black,,11 hrs and 29 mins,07-09-24,English,5 out of 5 stars
Slash or Pass,Tylor Paige,Westin Garrett,Final Girls,10 hrs and 27 mins,06-25-24,English,5 out of 5 stars
Claimed by Lucifer: The Complete Series,Elizabeth Briggs,Lia Langola,Claimed by Lucifer,28 hrs and 36 mins,07-03-24,English,3.5 out of 5 stars
Children of Dune,Frank Herbert,Scott Brick,Dune Saga,16 hrs and 51 mins,02-05-08,English,4.5 out of 5 stars
Voracious,James T. Callum,Eric Michael Summerer,Beastborne,16 hrs and 34 mins,07-30-24,English,Not rated yet
All the Colors of the Dark,Chris Whitaker,Edoardo Ballerini,,14 hrs and 37 mins,06-25-24,English,4.5 out of 5 stars
The New Marriage Clinic,"John M. Gottman,Julie Schwartz Gottman",Jon Vertullo,,19 hrs and 9 mins,07-09-24,English,Not rated yet
Praying Through the Names of God,Tony Evans,Jamal West,,3 hrs and 55 mins,07-05-24,English,Not rated yet
The CEO Enemy,Jolie Day,Jacob Morgan,Next Door to a Billionaire,8 hrs and 41 mins,07-02-24,English,4.5 out of 5 stars
Plantifully Simple,Kiki Nelson,Kiki Nelson,,1 hr and 50 mins,07-09-24,English,Not rated yet
Rhythm of War,Brandon Sanderson,Kate Reading,The Stormlight Archive,57 hrs and 26 mins,11-17-20,English,5 out of 5 stars
Betrothal or Breakaway,Leah Brunner,Alex Picard,D.C. Eagles Hockey,8 hrs and 29 mins,07-09-24,English,4 out of 5 stars
The Coldest Case: The Past Has a Long Memory,"James Patterson,Aaron Tracy,Ryan Silbert",Aaron Paul,A Billy Harney Thriller,3 hrs and 41 mins,06-13-24,English,4.5 out of 5 stars
Tommy and Tuppence. Novels and Stories,Agatha Christie,Peter Coates,,11 hrs and 40 mins,07-03-24,English,5 out of 5 stars
Diario de Greg 3 [Diary of a Wimpy Kid: The Last Straw],"Jeff Kinney,Esteban Morán - translator",Oliver Díaz Barba,Diario de Greg [Diary of a Wimpy Kid],2 hrs and 18 mins,07-04-24,Spanish,Not rated yet
Kingdom of Claw,Demi Winters,Islay Jacobs,The Ashen Series,24 hrs and 47 mins,07-09-24,English,5 out of 5 stars
Words of Radiance,Brandon Sanderson,Michael Kramer,The Stormlight Archive,48 hrs and 13 mins,03-04-14,English,5 out of 5 stars
Harry Potter and the Goblet of Fire (Narrated by Stephen Fry),J.K. Rowling,Stephen Fry,Harry Potter (Narrated by Stephen Fry),20 hrs and 54 mins,04-18-24,English,5 out of 5 stars
Burn to Shine,Jonathan Maberry,Ray Porter,,15 hrs,03-04-25,English,Not rated yet
"Harry Potter and the Goblet of Fire, Book 4",J.K. Rowling,Jim Dale,Harry Potter,20 hrs and 36 mins,11-20-15,English,5 out of 5 stars
"Harry Potter and the Half-Blood Prince, Book 6",J.K. Rowling,Jim Dale,Harry Potter,18 hrs and 32 mins,11-20-15,English,5 out of 5 stars
This Used to Be Us,Renée Carlino,Rob Shapiro,,10 hrs and 38 mins,07-09-24,English,4 out of 5 stars
Unhumans,"Jack Posobiec,Joshua Lisec",Chase Macdonald,,10 hrs and 1 min,06-26-24,English,5 out of 5 stars
A World Made New: A Channeled Text,Paul Selig,Paul Selig,The Manifestation Trilogy,9 hrs and 15 mins,09-17-24,English,Not rated yet
The Witch of Webs,pirateaba,Andrea Parsneau,The Wandering Inn,45 hrs and 53 mins,06-11-24,English,5 out of 5 stars
Stateside,JD Kirk,Angus King,Robert Hoon Thrillers,12 hrs and 9 mins,07-04-24,English,4.5 out of 5 stars
Crown of Midnight,Sarah J. Maas,Elizabeth Evans,Throne of Glass,12 hrs and 43 mins,01-28-21,English,5 out of 5 stars
A Court of Silver Flames,Sarah J. Maas,Stina Nielsen,A Court of Thorns and Roses,26 hrs and 5 mins,02-16-21,English,4.5 out of 5 stars
The Chronicles of Narnia Complete Audio Collection,C. S. Lewis,Kenneth Branagh,The Chronicles of Narnia (Publication Order),33 hrs and 45 mins,12-27-19,English,5 out of 5 stars
Ask Not,Maureen Callahan,Gabra Zackman,,11 hrs and 18 mins,07-02-24,English,4.5 out of 5 stars
The Anthropologists,Aysegül Savas,Kathryn Aboya,,4 hrs and 15 mins,07-09-24,English,Not rated yet
Snaring Emberly,Gigi Styx,Xander Stone,,17 hrs and 57 mins,07-09-24,English,Not rated yet
"Harry Potter and the Chamber of Secrets, Book 2",J.K. Rowling,Jim Dale,Harry Potter,9 hrs and 2 mins,11-20-15,English,5 out of 5 stars
I Am the GOAT,Marc Mulero,Armen Taylor,I Am the GOAT,14 hrs and 18 mins,07-09-24,English,5 out of 5 stars
"Apocalypse Redux, Book 6",Jakob H. Greif,Daniel Thomas May,Apocalypse Redux,16 hrs and 13 mins,06-18-24,English,5 out of 5 stars
"Harry Potter and the Prisoner of Azkaban, Book 3",J.K. Rowling,Jim Dale,Harry Potter,11 hrs and 49 mins,11-20-15,English,5 out of 5 stars
The Five Year Lie,Sarina Bowen,Kathleen Early,,12 hrs and 41 mins,05-07-24,English,4.5 out of 5 stars
The Contact,Saul Herzog,Jay Myers,Lance Spector Thrillers,6 hrs and 8 mins,07-01-24,English,4.5 out of 5 stars
Empire of Storms,Sarah J. Maas,Elizabeth Evans,Throne of Glass,25 hrs and 18 mins,09-06-16,English,5 out of 5 stars
The Hero of Ages,Brandon Sanderson,Michael Kramer,The Mistborn Saga,27 hrs and 25 mins,12-30-07,English,5 out of 5 stars
Before I Let Go,Kennedy Ryan,Wesleigh Siobhan,Skyland,13 hrs and 45 mins,11-15-22,English,5 out of 5 stars
Protocols,Andrew Huberman,,,Not Yet Known,04-24-25,English,Not rated yet
Days of Shattered Faith,Adrian Tchaikovsky,David Thorpe,The Tyrant Philosophers,17 hrs,12-05-24,English,Not rated yet
Kingdom of Ash,Sarah J. Maas,Elizabeth Evans,Throne of Glass,33 hrs and 11 mins,10-23-18,English,5 out of 5 stars
Queen of Shadows,Sarah J. Maas,Elizabeth Evans,Throne of Glass,20 hrs and 43 mins,09-01-15,English,5 out of 5 stars
The Laws of Human Nature,Robert Greene,Paul Michael,,28 hrs and 26 mins,10-23-18,English,5 out of 5 stars
The Terminal List,Jack Carr,Ray Porter,Terminal List Book Series,12 hrs and 3 mins,03-06-18,English,5 out of 5 stars
He Who Fights with Monsters: A LitRPG Adventure,"Shirtaloon,Travis Deverell",Heath Miller,He Who Fights with Monsters,28 hrs and 56 mins,03-09-21,English,5 out of 5 stars
The Cuillin Dead,J M Dalgliesh,Angus King,The Misty Isle,9 hrs and 27 mins,06-30-24,English,4.5 out of 5 stars
Love in a Small Town,"Kandi Steiner,Catherine Cowles,Lena Hendrix,Laura Pavlov",Connor Crais,,35 hrs and 7 mins,06-28-24,English,4.5 out of 5 stars
Nexus,Yuval Noah Harari,,,14 hrs,09-10-24,English,Not rated yet
Heir of Fire,Sarah J. Maas,Elizabeth Evans,Throne of Glass,17 hrs and 56 mins,09-02-21,English,5 out of 5 stars
Havana Storm,"Clive Cussler,Dirk Cussler",Scott Brick,Dirk Pitt Adventures,11 hrs,06-28-24,English,Not rated yet
Entrepreneur Revolution,Daniel Priestley,Grant Cartwright,,5 hrs and 49 mins,07-09-24,English,Not rated yet
A People's History of the United States,Howard Zinn,Jeff Zinn,,34 hrs and 8 mins,12-14-09,English,4.5 out of 5 stars
Dune Messiah,Frank Herbert,Scott Brick,Dune,8 hrs and 57 mins,10-01-07,English,4.5 out of 5 stars
Twisted Love,Ana Huang,Cindy Kay,Twisted,10 hrs and 41 mins,06-07-22,English,4.5 out of 5 stars
A Court of Mist and Fury,Sarah J. Maas,Jennifer Ikeda,A Court of Thorns and Roses,23 hrs and 16 mins,05-03-16,English,5 out of 5 stars
Recon,Craig Alanson,R.C. Bray,Convergence,16 hrs and 26 mins,05-21-24,English,5 out of 5 stars
"Sex, Death, and Money: Season 1",Cebelius -,Aurora Bliss,,12 hrs and 2 mins,07-03-24,English,5 out of 5 stars
A Court of Frost and Starlight,Sarah J. Maas,Amanda Leigh Cobb,A Court of Thorns and Roses,6 hrs and 23 mins,05-01-18,English,4.5 out of 5 stars
The Housemaid Is Watching,Freida McFadden,Lauryn Allman,The Housemaid,11 hrs and 42 mins,06-11-24,English,4.5 out of 5 stars
The Well of Ascension,Brandon Sanderson,Michael Kramer,The Mistborn Saga,28 hrs and 56 mins,12-28-08,English,5 out of 5 stars
The Daily Pressfield,Steven Pressfield,Steven Pressfield,,7 hrs and 19 mins,07-01-24,English,Not rated yet
"Harry Potter and the Sorcerer's Stone, Book 1",J.K. Rowling,Jim Dale,Harry Potter,8 hrs and 18 mins,11-20-15,English,5 out of 5 stars
The Dungeon Anarchist's Cookbook,Matt Dinniman,Jeff Hays,Dungeon Crawler Carl,16 hrs and 54 mins,05-14-21,English,5 out of 5 stars
48 Laws of Power,Robert Greene,Richard Poe,,23 hrs and 6 mins,05-01-15,English,4.5 out of 5 stars
A Kingdom of Flesh and Fire,Jennifer L. Armentrout,Stina Nielsen,Blood and Ash,24 hrs and 21 mins,11-03-20,English,5 out of 5 stars
Just for the Summer,Abby Jimenez,Christine Lakin,,11 hrs and 43 mins,04-02-24,English,5 out of 5 stars
A Court of Wings and Ruin,Sarah J. Maas,Amanda Leigh Cobb,A Court of Thorns and Roses,25 hrs and 9 mins,05-02-17,English,5 out of 5 stars
Breaking the Habit of Being Yourself,Joe Dispenza,Adam Boyce,,10 hrs and 49 mins,03-26-20,English,4.5 out of 5 stars
Marrying Mr. Majestic,Lucy Lennox,Michael Dean,,8 hrs and 46 mins,07-05-24,English,5 out of 5 stars
The Crown of Gilded Bones,Jennifer L. Armentrout,Stina Nielsen,Blood and Ash,25 hrs and 22 mins,04-20-21,English,4.5 out of 5 stars
Harry Potter and the Prisoner of Azkaban (Narrated by Stephen Fry),J.K. Rowling,Stephen Fry,Harry Potter (Narrated by Stephen Fry),12 hrs and 3 mins,04-18-24,English,5 out of 5 stars
The Vampire and the Case of the Cursed Canine,"Heather G. Harris,Jilleen Dolbeare",Alyse Gibbs,The Portlock Paranormal Detective Series,7 hrs and 58 mins,07-05-24,English,4.5 out of 5 stars
The Devil's Hand,Jack Carr,Ray Porter,Terminal List Book Series,14 hrs and 37 mins,04-13-21,English,5 out of 5 stars
Star Wars: Temptation of the Force (The High Republic),Tessa Gratton,Marc Thompson,Star Wars: The High Republic,17 hrs and 3 mins,06-11-24,English,4.5 out of 5 stars
Storm of Secrets and Sorrow,Melissa Roehrich,Laura Horowitz,The Legacy Series,23 hrs and 41 mins,06-17-24,English,5 out of 5 stars
How to Talk to Anyone,Leil Lowndes,Joyce Bean,,8 hrs and 59 mins,09-01-15,English,4 out of 5 stars
Resurgence,Ken Lozito,Scott Aiello,First Colony,7 hrs and 30 mins,07-03-24,English,5 out of 5 stars
Funny Story,Emily Henry,Julia Whelan,,11 hrs and 23 mins,04-23-24,English,4.5 out of 5 stars
Defiance of the Fall 13,"TheFirstDefier,JF Brink",Pavi Proczko,Defiance of the Fall,24 hrs and 35 mins,06-26-24,English,4.5 out of 5 stars
Camino Ghosts,John Grisham,Whoopi Goldberg,Camino,10 hrs and 17 mins,05-28-24,English,4 out of 5 stars
A Calamity of Souls,David Baldacci,David Baldacci,,14 hrs and 28 mins,04-16-24,English,4.5 out of 5 stars
Nobody Like Us,"Krista Ritchie,Becca Ritchie",Lessa Lamb,Like Us,25 hrs and 21 mins,06-25-24,English,5 out of 5 stars
Score on You,Harloe Rae,Wen Ross,,8 hrs and 43 mins,07-01-24,English,5 out of 5 stars
Hercule Poirot: The Complete Short Stories,Agatha Christie,David Suchet,A Hercule Poirot Mystery,35 hrs and 5 mins,08-31-21,English,5 out of 5 stars
Restless Stars,"Caroline Peckham,Susanne Valenti",Bridget Bordeaux,Zodiac Academy,34 hrs and 26 mins,04-23-24,English,5 out of 5 stars
House of Earth and Blood,Sarah J. Maas,Elizabeth Evans,Crescent City,27 hrs and 50 mins,03-03-20,English,5 out of 5 stars
101 Essays That Will Change the Way You Think,Brianna Wiest,Abby Craden,,10 hrs and 45 mins,08-21-18,English,4.5 out of 5 stars
A Court of Thorns and Roses,Sarah J. Maas,Jennifer Ikeda,A Court of Thorns and Roses,16 hrs and 7 mins,05-05-15,English,4.5 out of 5 stars
Eruption,"Michael Crichton,James Patterson",Scott Brick,,10 hrs and 32 mins,06-03-24,English,4 out of 5 stars
The Edges of Power,"Alexey Osadchuk,Zachary J. Lorang - translated by",Ryan Burke,Last Life,9 hrs and 11 mins,06-25-24,English,5 out of 5 stars
It Ruins Me,Penelope Sky,Ramona Master,,7 hrs and 7 mins,07-09-24,English,5 out of 5 stars
Crescent Dawn,"Clive Cussler,Dirk Cussler",Scott Brick,Dirk Pitt Adventures,14 hrs and 34 mins,06-28-24,English,Not rated yet
Curvy Girl Summer,Danielle Allen,Wesleigh Siobhan,,12 hrs and 23 mins,06-11-24,English,5 out of 5 stars
The Stand,Stephen King,Grover Gardner,,47 hrs and 47 mins,02-14-12,English,4.5 out of 5 stars
Lord of the Dragon Riders 2,"Turner Tellborn,Marcus Sloss",Adam Stubbs,The Firebound Dragon Riders,7 hrs and 46 mins,07-01-24,English,5 out of 5 stars
Houseswap 101,Jaime Clevenger,Abby Craden,,8 hrs and 39 mins,06-25-24,English,5 out of 5 stars
Home and Alone,Daniel Stern,Daniel Stern,,9 hrs and 36 mins,07-09-24,English,Not rated yet
"Autocracy, Inc.",Anne Applebaum,Anne Applebaum,,4 hrs and 48 mins,07-23-24,English,Not rated yet
Harry Potter and the Order of the Phoenix (Narrated by Stephen Fry),J.K. Rowling,Stephen Fry,Harry Potter (Narrated by Stephen Fry),29 hrs and 1 min,04-18-24,English,5 out of 5 stars
Swan Song,Elin Hilderbrand,Erin Bennett,Nantucket,13 hrs and 39 mins,06-11-24,English,4.5 out of 5 stars
Dealing with Mapinguari and Dogged Engineers,AJ Sherwood,David Lee Huynh,Sorcerer's Grimoire,6 hrs and 13 mins,07-16-24,English,Not rated yet
"Chrysalis, Books 1-3",RinoZ,Jeff Hays,Chrysalis,54 hrs and 41 mins,02-14-24,English,5 out of 5 stars
Creek,"Nora Phoenix,E.M. Lindsey",John Solo,Honorably Discharged,8 hrs and 47 mins,07-01-24,English,5 out of 5 stars
Enemy A(n)t the Gates,RinoZ,Jeff Hays,Chrysalis,20 hrs and 49 mins,06-11-24,English,5 out of 5 stars
The Next Best Fling,Gabriella Gamez,Ruby Corazon,,10 hrs and 14 mins,07-09-24,English,Not rated yet
Reckless,Lauren Roberts,Cecily Bednar Schmidt,The Powerless Trilogy,11 hrs and 24 mins,07-02-24,English,4.5 out of 5 stars
A Court of Mist and Fury (Part 2 of 2) (Dramatized Adaptation),Sarah J. Maas,Amanda Forstrom,A Court of Thorns and Roses,8 hrs and 23 mins,07-01-22,English,5 out of 5 stars
Tower of Dawn,Sarah J. Maas,Elizabeth Evans,Throne of Glass,22 hrs and 39 mins,09-05-17,English,5 out of 5 stars
The Sword and the Sophomore,B.P. Sweany,Tami Stronach,,10 hrs and 29 mins,07-09-24,English,Not rated yet
W.E.B. Griffin Zero Option,Peter Kirsanow,Stefan Rudnicki,Men at War,10 hrs and 51 mins,07-09-24,English,Not rated yet
The Power of Your Dreams,"Stephanie Ike Okafor,Touré Roberts",Stephanie Ike Okafor,,7 hrs,08-20-24,English,Not rated yet
The Fellowship of the Ring,J. R. R. Tolkien,Rob Inglis,The Lord of the Rings,19 hrs and 7 mins,10-09-12,English,5 out of 5 stars
Becoming Supernatural,Joe Dispenza,Adam Boyce,,14 hrs and 6 mins,10-02-20,English,5 out of 5 stars
He Who Fights with Monsters 5,"Shirtaloon,Travis Deverell",Heath Miller,He Who Fights with Monsters,20 hrs and 5 mins,04-05-22,English,5 out of 5 stars
Damaged,Sloane Kennedy,Michael Dean,The Protectors (Kennedy),9 hrs and 12 mins,07-01-24,English,5 out of 5 stars
Heart of the Wolf,Cherise Sinclair,Noah Michael Levine,The Wild Hunt Legacy Series,14 hrs and 35 mins,07-01-24,English,5 out of 5 stars
Death at the Sign of the Rook,Kate Atkinson,,Jackson Brodie,12 hrs,09-24-24,English,Not rated yet
Poison Memories,Helen Phifer,Alison Campbell,Detective Morgan Brookes,7 hrs and 28 mins,07-02-24,English,5 out of 5 stars
Fairy Tale,Stephen King,Seth Numrich,,24 hrs and 6 mins,09-06-22,English,4.5 out of 5 stars
God Emperor of Dune,Frank Herbert,Simon Vance,Dune,15 hrs and 48 mins,12-30-07,English,4.5 out of 5 stars
The Mad Mick Box Set Volume 2,Franklin Horton,Kevin Pierce,The Mad Mick Series,29 hrs and 35 mins,04-01-24,English,5 out of 5 stars
The Rise and Fall of the Third Reich,William L. Shirer,Grover Gardner,,57 hrs and 11 mins,07-16-10,English,5 out of 5 stars
The Reckoning,"Caroline Peckham,Susanne Valenti",Bridget Bordeaux,Zodiac Academy,17 hrs and 40 mins,09-23-21,English,5 out of 5 stars
Second Chance Swordsman 3,Jakob Tanner,Steve Campbell,Second Chance Swordsman,15 hrs and 48 mins,06-25-24,English,5 out of 5 stars
Summers End,Juneau Black,Cassandra Campbell,Shady Hollow Mysteries,8 hrs and 20 mins,07-09-24,English,Not rated yet
"Smart, Not Loud",Jessica Chen,Jessica Chen,,6 hrs and 36 mins,07-09-24,English,Not rated yet
After You've Gone,Margot Hunt,Stephanie Einstein,,2 hrs and 59 mins,06-27-24,English,4.5 out of 5 stars
All My Secrets,Lynn Austin,Sarah Zimmerman,,12 hrs and 37 mins,02-06-24,English,5 out of 5 stars
The Sunlit Man,Brandon Sanderson,William DeMeritt,Secret Projects,11 hrs and 11 mins,04-23-24,English,5 out of 5 stars
The Wise Man's Fear,Patrick Rothfuss,Nick Podehl,Kingkiller Chronicle,42 hrs and 55 mins,03-03-11,English,5 out of 5 stars
All Witches on Deck,Amanda M. Lee,Angel Clark,Moonstone Bay Cozy Mystery,9 hrs and 51 mins,06-26-24,English,5 out of 5 stars
1984,George Orwell,Theo Moss,,9 hrs and 34 mins,07-03-24,English,Not rated yet
"The Word of Promise Audio Bible—New King James Version, NKJV: Complete Bible",Thomas Nelson Inc.,Jason Alexander,,98 hrs and 1 min,11-05-09,English,4.5 out of 5 stars
A Season for That,Steve Hoffman,Steve Hoffman,,10 hrs and 47 mins,07-09-24,English,Not rated yet
Harry Potter and the Philosopher's Stone (Narrated by Stephen Fry),J.K. Rowling,Stephen Fry,Harry Potter (Narrated by Stephen Fry),8 hrs and 25 mins,04-18-24,English,5 out of 5 stars
My Catgirl Broke the Internet,Grady Sparks,Melanie Hastings,Quickies with Cuties,4 hrs and 15 mins,06-27-24,English,4.5 out of 5 stars
Hábitos atómicos (Español neutro),James Clear,Arturo Guerrero,,9 hrs and 1 min,09-30-20,Spanish,5 out of 5 stars
Fae and Fare,pirateaba,Andrea Parsneau,The Wandering Inn,61 hrs and 4 mins,07-14-20,English,5 out of 5 stars
Disquiet Gods,Christopher Ruocchio,Samuel Roukin,Sun Eater,31 hrs and 38 mins,04-30-24,English,5 out of 5 stars
Iron Flame,Rebecca Yarros,Rebecca Soler,The Empyrean,28 hrs and 16 mins,11-07-23,English,4.5 out of 5 stars
A Dance with Dragons,George R.R. Martin,Roy Dotrice,A Song of Ice and Fire,48 hrs and 55 mins,07-12-11,English,4.5 out of 5 stars
The Presidents and the People,Corey Brettschneider,Stephen Bel Davies,,13 hrs and 22 mins,07-02-24,English,5 out of 5 stars
He Who Fights with Monsters 10,"Shirtaloon,Travis Deverell",Heath Miller,He Who Fights with Monsters,25 hrs and 18 mins,11-28-23,English,5 out of 5 stars
The Finish Line,Kate Stewart,Maxine Mitchell,The Ravenhood,14 hrs and 39 mins,08-03-21,English,5 out of 5 stars
ADHD Is Awesome,"Penn Holderness,Kim Holderness,Edward Hallowell - foreword",Penn Holderness,,8 hrs and 50 mins,04-30-24,English,5 out of 5 stars
"Overlord, Vol. 13","Kugane Maruyama,Emily Balistrieri - translator",Chris Guerrero,Overlord,12 hrs and 37 mins,07-16-24,English,Not rated yet
Fourth Wing (Part 2 of 2) (Dramatized Adaptation),Rebecca Yarros,full cast,The Empyrean,9 hrs and 22 mins,02-09-24,English,4.5 out of 5 stars
Yumi and the Nightmare Painter,Brandon Sanderson,Kate Reading,Secret Projects,14 hrs and 43 mins,04-23-24,English,5 out of 5 stars
Nine Month Contract,Amy Daws,Erin Mallon,,10 hrs and 45 mins,04-11-24,English,4.5 out of 5 stars
Mind Games,Nora Roberts,January LaVoy,,14 hrs and 52 mins,05-21-24,English,4.5 out of 5 stars
The Two Towers,J. R. R. Tolkien,Andy Serkis,The Lord of the Rings,20 hrs and 46 mins,09-16-21,English,5 out of 5 stars
"Harry Potter and the Order of the Phoenix, Book 5",J.K. Rowling,Jim Dale,Harry Potter,26 hrs and 28 mins,11-20-15,English,5 out of 5 stars
"Harry Potter and the Deathly Hallows, Book 7",J.K. Rowling,Jim Dale,Harry Potter,21 hrs and 36 mins,11-20-15,English,5 out of 5 stars
"Sugar, Baby",Celine Saintclare,Sara Novak,,9 hrs and 30 mins,01-09-24,English,4 out of 5 stars
Level Up,Max Walker,Nick J. Russo,Franklin U 2,6 hrs and 50 mins,07-01-24,English,4 out of 5 stars
The Goblins Are Revolting: An Isekai Adventure,D. D. Webb,Todd Haberkorn,Only Villains Do That,18 hrs and 17 mins,11-26-24,English,Not rated yet
Throne World,B.V. Larson,Mark Boyett,Undying Mercenaries,12 hrs and 29 mins,07-02-24,English,4.5 out of 5 stars
All This and More,Peng Shepherd,Helen Laser,,15 hrs and 39 mins,07-09-24,English,Not rated yet
Bad Tourists,Caro Carver,Lesley Sharp,,9 hrs and 40 mins,07-09-24,English,Not rated yet
Not Till We Are Lost,Dennis E. Taylor,Ray Porter,Bobiverse,11 hrs and 41 mins,09-05-24,English,5 out of 5 stars
Harry Potter and the Chamber of Secrets (Narrated by Stephen Fry),J.K. Rowling,Stephen Fry,Harry Potter (Narrated by Stephen Fry),9 hrs and 43 mins,04-18-24,English,5 out of 5 stars
Filthy Rich: The Complete Series,Julie Kriss,Jason Clarke,Filthy Rich Series,25 hrs and 47 mins,07-05-24,English,Not rated yet
Lovefest,JA Armstrong,Xe Sands,,8 hrs and 18 mins,07-09-24,English,5 out of 5 stars
Sect,Deacon Frost,Raya Kane,The Rider's Dragon,11 hrs and 10 mins,07-01-24,English,4.5 out of 5 stars
When He Was Wicked,Julia Quinn,Rosalyn Landor,Bridgertons,11 hrs and 29 mins,03-17-20,English,4.5 out of 5 stars
A Court of Silver Flames (2 of 2) (Dramatized Adaptation),Sarah J. Maas,Colleen Delany,A Court of Thorns and Roses,10 hrs and 33 mins,10-30-23,English,5 out of 5 stars
The Invitation: A Horror Movie LitRPG,Rob M. Lastrel,Adam Sims,The Game at Carousel,14 hrs and 51 mins,07-09-24,English,5 out of 5 stars
Sanctuary,Stacey Reynolds,Justine Eyre,The O'Brien Tales,11 hrs and 59 mins,06-18-24,English,5 out of 5 stars
Romancing Mister Bridgerton,Julia Quinn,Rosalyn Landor,Bridgertons,13 hrs and 17 mins,04-06-17,English,4.5 out of 5 stars
Resurrection,Danielle Steel,Dan John Miller,,6 hrs and 59 mins,06-25-24,English,4 out of 5 stars
Forever After All,Kaylee Ryan,Alexa Elmy,,8 hrs and 12 mins,07-09-24,English,5 out of 5 stars
Tell It to Me Singing,Tita Ramirez,Yareli Arizmendi,,11 hrs and 20 mins,07-09-24,English,Not rated yet
A Lord of Snow and Greed,Ashley McLeo,Avie Paige,The Winter Court Series,16 hrs and 16 mins,07-09-24,English,Not rated yet
A Court of Frost and Starlight (Dramatized Adaptation),Sarah J. Maas,Amanda Forstrom,A Court of Thorns and Roses,5 hrs and 33 mins,03-01-23,English,4.5 out of 5 stars
Iron Flame (Part 1 of 2) (Dramatized Adaptation),Rebecca Yarros,full cast,The Empyrean,11 hrs and 38 mins,05-17-24,English,5 out of 5 stars
Outlive,"Peter Attia MD,Bill Gifford - contributor",Peter Attia MD,,17 hrs and 7 mins,03-28-23,English,5 out of 5 stars
The Subtle Art of Not Giving a F*ck,Mark Manson,Roger Wayne,,5 hrs and 17 mins,09-13-16,English,4.5 out of 5 stars
The House of Eve,Sadeqa Johnson,Ariel Blake,,10 hrs and 37 mins,02-07-23,English,5 out of 5 stars
For the Fans,Nyla K,Javi Wilder,,22 hrs and 39 mins,10-03-23,English,5 out of 5 stars
The Duke and I,Julia Quinn,Rosalyn Landor,Bridgertons,12 hrs and 9 mins,09-13-16,English,4.5 out of 5 stars
Bog Standard Isekai: Scarred,Miles English,Johnathan McClain,Bog Standard Isekai,18 hrs,06-04-24,English,5 out of 5 stars
Adventures of a Bookworm,Kathleen Brooks,Erin Mallon,Paige Turner Series,5 hrs and 23 mins,06-28-24,English,4.5 out of 5 stars
Happily Ever After: The Complete Platinum Security Series Collection,Kelly Myers,Kenneth Elliott,Platinum Security Series,31 hrs and 45 mins,07-03-24,English,5 out of 5 stars
The Navigator,"Clive Cussler,Paul Kemprecos",Scott Brick,The NUMA Files,14 hrs and 35 mins,06-28-24,English,Not rated yet
Burn,Anna Hackett,Tim Paige,Fury Brothers,5 hrs and 36 mins,06-17-24,English,4.5 out of 5 stars
The Wager,Carolyn Brown,Lillakah Scott,,4 hrs and 59 mins,07-03-24,English,3.5 out of 5 stars
Butcher & Blackbird,Brynne Weaver,Joe Arden,The Ruinous Love Trilogy,8 hrs and 43 mins,10-10-23,English,4.5 out of 5 stars
Remy,Eden Summers,Maxine Mitchell,,16 hrs and 53 mins,07-02-24,English,5 out of 5 stars
The Frugal Wizard’s Handbook for Surviving Medieval England,Brandon Sanderson,Michael Kramer,Secret Projects,9 hrs and 11 mins,04-23-24,English,4.5 out of 5 stars
Death: Genesis 7: An Isekai LitRPG,Nicholas Searcy,Eric Michael Summerer,Death: Genesis,18 hrs and 52 mins,11-05-24,English,Not rated yet
The Value of Others,Orion Taraban,Orion Taraban,,12 hrs and 38 mins,07-02-24,English,5 out of 5 stars
The Perfect Fit,Sadie Kincaid,Maxine Mitchell,,10 hrs and 28 mins,04-04-24,English,5 out of 5 stars
The Forever Ship,"Scott Bartlett,Joshua James",Mark Boyett,Starship Omega,18 hrs and 20 mins,05-22-24,English,4 out of 5 stars
The Two Towers,J. R. R. Tolkien,Rob Inglis,The Lord of the Rings,16 hrs and 40 mins,10-09-12,English,5 out of 5 stars
All of Me,A.L. Jackson,Andi Arndt,Confessions of the Heart Series,11 hrs and 57 mins,07-08-24,English,5 out of 5 stars
Under Locke,Mariana Zapata,Ava Erickson,,15 hrs and 38 mins,06-07-24,English,4.5 out of 5 stars
The Butcher's Masquerade,Matt Dinniman,Jeff Hays,Dungeon Crawler Carl,23 hrs and 33 mins,05-26-22,English,5 out of 5 stars
The Fellowship of the Ring,J. R. R. Tolkien,Andy Serkis,The Lord of the Rings,22 hrs and 38 mins,09-16-21,English,5 out of 5 stars
Leather & Lark,Brynne Weaver,Samantha Brentmoor,The Ruinous Love Trilogy,12 hrs and 15 mins,06-04-24,English,4.5 out of 5 stars
Fragile Sanctuary,Catherine Cowles,Zachary Webber,,11 hrs and 32 mins,05-16-24,English,5 out of 5 stars
Twisted Lies,Ana Huang,Aiden Snow,Twisted,16 hrs and 23 mins,11-03-22,English,4.5 out of 5 stars
This Could Be Us,Kennedy Ryan,Ines del Castillo,Skyland,12 hrs and 20 mins,03-05-24,English,5 out of 5 stars
The Legend of Randidly Ghosthound 8,"Noret Flood,puddles4263",MacLeod Andrews,The Legend of Randidly Ghosthound,29 hrs and 7 mins,12-17-24,English,Not rated yet
Reckless Trust,Nyssa Kathryn,Avery Caris,Reckless,7 hrs and 51 mins,07-05-24,English,4.5 out of 5 stars
"PMP PMBOK 7 Project Management Professional Audio Study Guide 2024-2025: Perfect for Commuting, Exercising, and doing Chores!","Samuel Davidson,Rebecca Davidson",Brennan Koenigsreuter,,10 hrs,06-13-24,English,5 out of 5 stars
The Palestine Laboratory,Antony Loewenstein,Finlay Robertson,,9 hrs and 59 mins,07-11-24,English,Not rated yet
Breaking Bad Habits,Karen Elizabeth Riley,Lee Goettl,,3 hrs and 4 mins,07-08-24,English,5 out of 5 stars
Arctic Drift,"Clive Cussler,Dirk Cussler",Scott Brick,Dirk Pitt Adventures,13 hrs and 5 mins,06-28-24,English,Not rated yet
Bishop,Jacki James,Kirt Graves,Blue Collar Daddies,5 hrs and 45 mins,07-09-24,English,5 out of 5 stars
The Gate of the Feral Gods,Matt Dinniman,Jeff Hays,Dungeon Crawler Carl,18 hrs and 3 mins,09-16-21,English,5 out of 5 stars
He Who Fights with Monsters 9,"Shirtaloon,Travis Deverell",Heath Miller,He Who Fights with Monsters,28 hrs and 3 mins,04-18-23,English,5 out of 5 stars
The Rise of the Dragon,"George R. R. Martin,Elio M. García Jr,Linda Antonsson",Harry Lloyd,The Targaryen Dynasty: The House of the Dragon,8 hrs and 10 mins,10-25-22,English,4.5 out of 5 stars
Heaven's River,Dennis E. Taylor,Ray Porter,Bobiverse,16 hrs and 57 mins,09-24-20,English,5 out of 5 stars
A Talent for Murder,Peter Swanson,Sophie Amoss,,8 hrs and 24 mins,06-11-24,English,4.5 out of 5 stars
Invasion,Joshua James,Phil Thron,Heartland Aliens,10 hrs and 26 mins,06-27-24,English,5 out of 5 stars
Part of Your World,Abby Jimenez,Julia Whelan,Part of Your World,10 hrs and 5 mins,04-19-22,English,5 out of 5 stars
The Midnight Feast,Lucy Foley,Joe Eyre,,10 hrs and 20 mins,06-18-24,English,4.5 out of 5 stars
Under the Breaking Sky: The Complete Apocalyptic Horror Series,Nick Clausen,Spencer Dillehay,Under the Breaking Sky,59 hrs and 36 mins,05-29-24,English,4.5 out of 5 stars
Wayward Earth,"Jason Anspach,J.N. Chaney",R.C. Bray,Wayward Galaxy,12 hrs and 40 mins,06-25-24,English,5 out of 5 stars
He Who Fights with Monsters 4,"Shirtaloon,Travis Deverell",Heath Miller,He Who Fights with Monsters,22 hrs and 20 mins,12-28-21,English,5 out of 5 stars
Wild Love,Elsie Silver,Zachary Webber,Rose Hill,11 hrs and 26 mins,04-09-24,English,4.5 out of 5 stars
Legend of the Arch Magus: Publisher's Pack 6,Michael Sisa,Tom Taylorson,Legend of the Arch Magus,14 hrs and 26 mins,06-25-24,English,5 out of 5 stars
Dune,Frank Herbert,Scott Brick,Dune,21 hrs and 2 mins,12-31-06,English,4.5 out of 5 stars
Your Next Five Moves,Patrick Bet-David,Patrick Bet-David,,8 hrs and 6 mins,08-18-20,English,5 out of 5 stars
Elon Musk,Walter Isaacson,Jeremy Bobb,,20 hrs and 39 mins,09-12-23,English,5 out of 5 stars
The David Wolf Mystery Thriller Series: Books 1-4,Jeff Carson,Sean Patrick Hopkins,David Wolf,28 hrs and 16 mins,11-06-17,English,4.5 out of 5 stars
A Novel Way to Kill,Benedict Brown,George Blagden,,2 hrs and 54 mins,07-10-24,English,5 out of 5 stars
Rise of the Last Summoner 1,Todd Herzman,Matt Hicks,Rise of the Last Summoner,10 hrs and 2 mins,06-25-24,English,5 out of 5 stars
Love Unwritten,Lauren Asher,Noah B. Perez,,14 hrs and 28 mins,06-18-24,English,4.5 out of 5 stars
"Whoever You Are, Honey",Olivia Gatwood,Olivia Gatwood,,8 hrs and 7 mins,07-09-24,English,Not rated yet
The Honourable Schoolboy,John Le Carré,Simon Vance,George Smiley,20 hrs and 30 mins,07-09-24,English,Not rated yet
Pieces of Us,"T. B. Markinson,Miranda MacLeod",Lori Prince,,10 hrs and 14 mins,06-20-24,English,5 out of 5 stars
The Primal Hunter 2,Zogarth,Travis Baldree,The Primal Hunter,19 hrs and 25 mins,06-14-22,English,5 out of 5 stars
Goddess Rising,Rain Harlow,Hannah Schooner,Mirror World Progression Saga,20 hrs and 3 mins,06-25-24,English,4.5 out of 5 stars
Never Finished,David Goggins,David Goggins,,11 hrs and 6 mins,12-06-22,English,5 out of 5 stars
House of Flame and Shadow,Sarah J. Maas,Elizabeth Evans,Crescent City,29 hrs and 42 mins,01-30-24,English,4.5 out of 5 stars
This Great Hemisphere,Mateo Askaripour,Emana Rachelle,,15 hrs and 18 mins,07-09-24,English,5 out of 5 stars
Red Rising,Pierce Brown,Tim Gerard Reynolds,Red Rising Saga,16 hrs and 12 mins,01-28-14,English,4.5 out of 5 stars
The Return of the King,J. R. R. Tolkien,Andy Serkis,The Lord of the Rings,21 hrs and 52 mins,09-16-21,English,5 out of 5 stars
He Who Fights with Monsters 4,"Shirtaloon,Travis Deverell",Heath Miller,He Who Fights with Monsters,22 hrs and 20 mins,12-28-21,English,5 out of 5 stars
Wild Love,Elsie Silver,Zachary Webber,Rose Hill,11 hrs and 26 mins,04-09-24,English,4.5 out of 5 stars
Legend of the Arch Magus: Publisher's Pack 6,Michael Sisa,Tom Taylorson,Legend of the Arch Magus,14 hrs and 26 mins,06-25-24,English,5 out of 5 stars
Dune,Frank Herbert,Scott Brick,Dune,21 hrs and 2 mins,12-31-06,English,4.5 out of 5 stars
Your Next Five Moves,Patrick Bet-David,Patrick Bet-David,,8 hrs and 6 mins,08-18-20,English,5 out of 5 stars
Elon Musk,Walter Isaacson,Jeremy Bobb,,20 hrs and 39 mins,09-12-23,English,5 out of 5 stars
The David Wolf Mystery Thriller Series: Books 1-4,Jeff Carson,Sean Patrick Hopkins,David Wolf,28 hrs and 16 mins,11-06-17,English,4.5 out of 5 stars
A Novel Way to Kill,Benedict Brown,George Blagden,,2 hrs and 54 mins,07-10-24,English,5 out of 5 stars
Rise of the Last Summoner 1,Todd Herzman,Matt Hicks,Rise of the Last Summoner,10 hrs and 2 mins,06-25-24,English,5 out of 5 stars
Love Unwritten,Lauren Asher,Noah B. Perez,,14 hrs and 28 mins,06-18-24,English,4.5 out of 5 stars
"Whoever You Are, Honey",Olivia Gatwood,Olivia Gatwood,,8 hrs and 7 mins,07-09-24,English,Not rated yet
The Honourable Schoolboy,John Le Carré,Simon Vance,George Smiley,20 hrs and 30 mins,07-09-24,English,Not rated yet
Pieces of Us,"T. B. Markinson,Miranda MacLeod",Lori Prince,,10 hrs and 14 mins,06-20-24,English,5 out of 5 stars
The Primal Hunter 2,Zogarth,Travis Baldree,The Primal Hunter,19 hrs and 25 mins,06-14-22,English,5 out of 5 stars
Goddess Rising,Rain Harlow,Hannah Schooner,Mirror World Progression Saga,20 hrs and 3 mins,06-25-24,English,4.5 out of 5 stars
Never Finished,David Goggins,David Goggins,,11 hrs and 6 mins,12-06-22,English,5 out of 5 stars
House of Flame and Shadow,Sarah J. Maas,Elizabeth Evans,Crescent City,29 hrs and 42 mins,01-30-24,English,4.5 out of 5 stars
This Great Hemisphere,Mateo Askaripour,Emana Rachelle,,15 hrs and 18 mins,07-09-24,English,5 out of 5 stars
Red Rising,Pierce Brown,Tim Gerard Reynolds,Red Rising Saga,16 hrs and 12 mins,01-28-14,English,4.5 out of 5 stars
The Return of the King,J. R. R. Tolkien,Andy Serkis,The Lord of the Rings,21 hrs and 52 mins,09-16-21,English,5 out of 5 stars
